"","Name_file","rotulo","kurt_hist_H","kurt_hist_R","std_hist_S","std_hist_R"
"1","d1_t2_100uL_r1.jpg","1",12.8628225400371,2.15445081668392,0.0084818982059226,0.00329123898658385
"2","d1_t2_100uL_r2.jpg","1",176.817726054736,9.86958085836866,0.0179872464954019,0.00634264000391897
"3","d1_t2_100uL_r3.jpg","1",193.129204981167,7.38794163904937,0.0190214605188179,0.00647891887604321
"4","d1_t2_100uL_r3B.jpg","1",44.9525238282442,4.24378686863945,0.0090608115058222,0.00439648147749933
"5","d1_t2_100uL_r4.jpg","1",23.2459530739971,3.65382120485811,0.00814365362707422,0.00390921717291875
"6","d1_t2_100uL_r5.jpg","1",23.8760701649209,3.44970678381747,0.00848488756394251,0.00418952837203436
"7","d1_t2_20uL_r1.jpg","1",129.986243469642,9.63294049219977,0.00833237059466449,0.00521301495113604
"8","d1_t2_20uL_r2.jpg","1",33.0235550855935,9.33410435133088,0.00903043529565277,0.00541023677483858
"9","d1_t2_20uL_r3.jpg","1",69.6272531124983,10.4243724695844,0.00954521933116805,0.00548049528093205
"10","d1_t2_20uL_r4.jpg","1",46.1850678223649,10.5780981929023,0.00933813400790946,0.00570100699843267
"11","d1_t2_20uL_r5.jpg","1",76.3185862308309,11.7972975489981,0.00905686511353969,0.00599042551175673
"12","d1_t2_40uL_r1.jpg","1",58.5238319701519,9.76283305752926,0.0107636671418914,0.00547479498551743
"13","d1_t2_40uL_r2.jpg","1",48.8603452509951,10.0239876906516,0.00995767285327649,0.00558739596145478
"14","d1_t2_40uL_r3.jpg","1",107.779777800389,12.1202070315425,0.011967549885327,0.00589925168478325
"15","d1_t2_40uL_r4.jpg","1",37.2685158881389,11.4802931447146,0.00952474280565527,0.00538058925756868
"16","d1_t2_40uL_r5.jpg","1",61.5721780090733,11.1587912551386,0.00954403234166722,0.00544306954987954
"17","d1_t2_60uL_r1.jpg","1",68.3712182512522,13.6213927799653,0.0107524279940473,0.00630493476438925
"18","d1_t2_60uL_r2.jpg","1",48.2033621407229,10.3063668993637,0.0103233319253539,0.00533819075776071
"19","d1_t2_60uL_r3.jpg","1",174.113842940865,9.7837300116347,0.0169091241875746,0.00572955268907167
"20","d1_t2_60uL_r4.jpg","1",66.3610425654156,6.15771973766438,0.00935620972909783,0.0039849502033947
"21","d1_t2_60uL_r5.jpg","1",106.637086503672,7.97265055371557,0.0138923442734449,0.00535584688507796
"22","d1_t2_80uL_r1.jpg","1",27.2110825293821,4.72180754273835,0.00797063561068009,0.0040321219290155
"23","d1_t2_80uL_r2.jpg","1",24.9360505310816,2.72835049693928,0.00817344104494687,0.00346656852763435
"24","d1_t2_80uL_r3.jpg","1",18.4686713155249,2.2825500154196,0.00853095837272706,0.00290423371623248
"25","d1_t2_80uL_r4.jpg","1",17.8960664895302,2.2070877451999,0.0083199996149807,0.00352738624854554
"26","d1_t2_80uL_r5.jpg","1",42.6622678180428,4.30747109714757,0.00832343553267639,0.00437383848913802
"27","d1_t3_100uL_r1.jpg","1",100.230562937013,6.88108481412629,0.0120867130608576,0.0046461841769421
"28","d1_t3_100uL_r2.jpg","1",28.1455893484025,7.95531789399749,0.00821494370773121,0.00484521873825919
"29","d1_t3_100uL_r3.jpg","1",19.176669765358,10.8135795183307,0.00706039311827482,0.00564915024562224
"30","d1_t3_100uL_r4.jpg","1",111.902894792849,11.6524685872684,0.0070367322995905,0.00480860058091322
"31","d1_t3_100uL_r5.jpg","1",143.920457291821,10.5460090216985,0.00826492085038356,0.0049046841500782
"32","d1_t3_20uL_r1.jpg","1",181.334183080311,13.3849813718734,0.0179301525365292,0.00573402514458448
"33","d1_t3_20uL_r2.jpg","1",19.7783480885817,3.54462423375749,0.00822518552084959,0.00384620347368921
"34","d1_t3_20uL_r3.jpg","1",39.6344948868917,4.53467921422328,0.00883194127515456,0.00385106137335091
"35","d1_t3_20uL_r4.jpg","1",54.2498415302231,4.98130595903223,0.00837262814756287,0.00346656884865529
"36","d1_t3_20uL_r5.jpg","1",36.0719214084701,4.37537843561637,0.00898214119250261,0.00351478667627707
"37","d1_t3_40uL_r1.jpg","1",103.475360278657,9.1175452786856,0.0129738703977315,0.00578447452974306
"38","d1_t3_40uL_r2.jpg","1",87.8831925849204,8.29726850848769,0.0115989380053832,0.00513868856442979
"39","d1_t3_40uL_r3.jpg","1",84.9009266508617,8.36917635606914,0.0114685820662548,0.0051284970638544
"40","d1_t3_40uL_r4.jpg","1",70.8882827777222,12.3374287753601,0.0106132791444807,0.00510891432347138
"41","d1_t3_40uL_r5.jpg","1",85.4291863091655,9.92777386686552,0.00803806895724405,0.00528191544226189
"42","d1_t3_60uL_r1.jpg","1",84.3292042789606,11.4095762196853,0.0109029784696231,0.00526925115926397
"43","d1_t3_60uL_r2.jpg","1",64.6678186933567,11.6632825468559,0.0092498836585894,0.00513556902012089
"44","d1_t3_60uL_r3.jpg","1",71.2240016603827,9.04331393176312,0.0105519606301479,0.00492448797696401
"45","d1_t3_60uL_r4.jpg","1",35.4703402982213,8.80396465631641,0.0092978024641892,0.0054211195092704
"46","d1_t3_60uL_r5.jpg","1",89.0233323697393,10.7375417217796,0.00969158609607488,0.00556817822030423
"47","d1_t3_80uL_r1.jpg","1",31.2146249635916,4.18920314032457,0.0085060530203513,0.00362228066228957
"48","d1_t3_80uL_r2.jpg","1",42.9627929529418,8.06288547963358,0.0096456143556676,0.00460736653898333
"49","d1_t3_80uL_r3.jpg","1",51.1260907129169,11.6568377012284,0.00965980289828244,0.00538041408209545
"50","d1_t3_80uL_r4.jpg","1",96.5281427139636,15.4013404738547,0.00774064921388844,0.00597742294155983
"51","d1_t3_80uL_r5.jpg","1",50.455741656241,13.5922029777481,0.00814071009605291,0.00592128779726442
"52","d1_t4_100uL_r1.jpg","1",57.3035437927729,8.91191580145191,0.00943944506346817,0.00479471456647613
"53","d1_t4_100uL_r2.jpg","1",27.8729272810177,9.35168193121327,0.0073715645158362,0.0050386009976463
"54","d1_t4_100uL_r3.jpg","1",17.3961989387527,2.65819377404035,0.00877822286708363,0.00365941879954302
"55","d1_t4_100uL_r4.jpg","1",24.3938494338559,4.42479539241423,0.00818149948142324,0.00473473470896917
"56","d1_t4_100uL_r5.jpg","1",13.5219264992569,4.67591347822261,0.00796236169921046,0.00354612376804088
"57","d1_t4_100uL_r6.jpg","1",24.0245188022582,3.04960807279447,0.00884194866570984,0.00371297981531068
"58","d1_t4_20uL_r1.jpg","1",19.8336098220471,3.3526881648111,0.00823298377618605,0.00305836832321688
"59","d1_t4_20uL_r2.jpg","1",21.8614400725254,2.66655666020826,0.00815689535033997,0.00393442822560774
"60","d1_t4_20uL_r3.jpg","1",18.5313173122228,2.97217319647875,0.0083340097873615,0.00360808502038026
"61","d1_t4_20uL_r4.jpg","1",87.7254657098632,10.7591367816649,0.011084159259016,0.00548093293689996
"62","d1_t4_20uL_r5.jpg","1",176.703019008027,13.4122536109855,0.0188689544263781,0.00653052099224259
"63","d1_t4_40uL_r1.jpg","1",24.3940816260956,9.56831317997967,0.00804878447311639,0.00538847165316396
"64","d1_t4_40uL_r2.jpg","1",35.9619807816153,8.07778347899509,0.00781827116885789,0.00558869447271723
"65","d1_t4_40uL_r3.jpg","1",130.518780768876,11.8948072653163,0.0138108237951534,0.00566252480807376
"66","d1_t4_40uL_r4.jpg","1",63.9733572516007,8.91906353945419,0.00984214150662417,0.00568121822971718
"67","d1_t4_40uL_r5.jpg","1",23.8945250303441,2.84189645593636,0.00764258648343683,0.00355350593654118
"68","d1_t4_60uL_r1.jpg","1",37.9236777034559,3.56854816972302,0.00870208090628677,0.00398467848311825
"69","d1_t4_60uL_r2.jpg","1",68.5616838365279,4.67102348798778,0.0082183483269504,0.00403909888603926
"70","d1_t4_60uL_r3.jpg","1",83.3086934274269,5.57272895866652,0.0110366406141258,0.00416881617609579
"71","d1_t4_60uL_r4.jpg","1",24.1072223311941,4.36698714784511,0.00785835871982923,0.00398962494273736
"72","d1_t4_60uL_r5.jpg","1",40.555001652115,8.57496653813634,0.00853657740918017,0.0046972006138076
"73","d1_t4_80uL_r1.jpg","1",121.778214204483,7.17714659334462,0.0135388435704478,0.00443969141304501
"74","d1_t4_80uL_r2.jpg","1",62.6501206474195,12.3308882246331,0.0102069052777388,0.00556188113862818
"75","d1_t4_80uL_r3.jpg","1",107.800793632686,10.2080654006566,0.0117972790708548,0.00532021334690291
"76","d1_t4_80uL_r4.jpg","1",52.0547696751396,8.43460715995355,0.00696125980774595,0.00493195763753833
"77","d1_t4_80uL_r5.jpg","1",86.5766426658032,10.9906509150508,0.0113704547526361,0.00567164796940445
"78","d1_t5_100uL_r1.jpg","1",17.3566972300866,6.23063294879183,0.00899233733883229,0.00462880255984436
"79","d1_t5_100uL_r2.jpg","1",21.8346577206455,7.36736977037474,0.00885235682597014,0.00398048430483781
"80","d1_t5_100uL_r3.jpg","1",78.2205353842074,6.41008450906117,0.00819747503146806,0.00397005583893216
"81","d1_t5_100uL_r4.jpg","1",65.3140082947697,6.33491520385789,0.00827025305490683,0.00358685043592638
"82","d1_t5_100uL_r5.jpg","1",82.6965957181175,6.18734994050093,0.0083407636955211,0.00384170720487764
"83","d1_t5_20uL_r1.jpg","1",38.7112984153238,3.83897857630092,0.00835560272747817,0.00389175972658816
"84","d1_t5_20uL_r2.jpg","1",86.6518566891878,9.24964974600148,0.00903634689388933,0.00526716339164813
"85","d1_t5_20uL_r3.jpg","1",59.2477591336856,5.82640800583369,0.0101351257045478,0.00506340775924458
"86","d1_t5_20uL_r4.jpg","1",191.340622127595,8.7697665734944,0.0185551426699848,0.00545032370134341
"87","d1_t5_20uL_r5.jpg","1",42.403723457081,6.33713213800081,0.00935423114669684,0.00505978005362236
"88","d1_t5_40uL_r1.jpg","1",117.182627599329,13.0367696768505,0.00877337088635702,0.00584968085299342
"89","d1_t5_40uL_r2.jpg","1",195.931137176454,9.34035458339738,0.0195351688160975,0.00608418257892014
"90","d1_t5_40uL_r3.jpg","1",171.733416117265,13.1389978973231,0.0166310643700924,0.00667194274814568
"91","d1_t5_40uL_r4.jpg","1",198.424532237446,12.4849107994665,0.018576847464373,0.00586568419005379
"92","d1_t5_40uL_r5.jpg","1",184.925442314088,14.9462368200486,0.0163778913347259,0.00576534786944597
"93","d1_t5_60uL_r1.jpg","1",81.2956917086887,12.8478030156456,0.0116149786134501,0.00552900981954601
"94","d1_t5_60uL_r2.jpg","1",85.3354682792767,11.7499735325158,0.00985361112185108,0.00560636526401648
"95","d1_t5_60uL_r3.jpg","1",204.556923619847,12.7418473450228,0.0185237583337323,0.00538694499537639
"96","d1_t5_60uL_r4.jpg","1",145.6179647212,13.6590657934084,0.0147882431775519,0.005640415726315
"97","d1_t5_60uL_r5.jpg","1",34.2329860522032,7.45480426224799,0.00847502013688685,0.00426279910598788
"98","d1_t5_80uL_r1.jpg","1",73.8185984740922,16.083987421372,0.010359089223891,0.00618474551540419
"99","d1_t5_80uL_r2.jpg","1",171.704600648651,12.9973124503712,0.0162985491297456,0.00579255749208012
"100","d1_t5_80uL_r3.jpg","1",120.310118971784,11.0904171127584,0.0146548649355787,0.00561381138831443
"101","d1_t5_80uL_r4.jpg","1",79.274153729215,11.7567300831302,0.0108140106741342,0.00537255852713928
"102","d1_t5_80uL_r5.jpg","1",103.97140167991,8.18861799861852,0.0122291786959134,0.00507854516573971
"103","d1_t6_0uL_r1.jpg","1",20.4412729258254,6.0887942312685,0.00815130128584863,0.00465250063004145
"104","d1_t6_0uL_r2.jpg","1",43.6677241497147,7.76078014036358,0.00929950205479961,0.0047343908540935
"105","d1_t6_0uL_r3.jpg","1",129.774202588051,7.7437626941451,0.0142370244737802,0.0044390981533211
"106","d1_t6_0uL_r4.jpg","1",75.0040989214144,6.20473928179945,0.00822414328054107,0.0043241352243397
"107","d1_t6_0uL_r5.jpg","1",84.352208575181,5.22761263259419,0.00878189540736308,0.00405037306300873
"108","d1_t6_0uL_r6.jpg","1",100.453545561216,10.0944641312854,0.0125449974956792,0.00518258453743621
"109","d1_t6_0uL_r7.jpg","1",91.6440904048524,11.7270925398806,0.0101123644358265,0.0055158283499155
"110","d2_t2_100uL_r1.jpg","1",42.7447959177748,5.21257738319818,0.00990979768712881,0.00374512555838172
"111","d2_t2_100uL_r2.jpg","1",48.638148512779,3.05154249914632,0.00862950824252536,0.00332066020049224
"112","d2_t2_100uL_r3.jpg","1",79.6737657964028,7.40780561009185,0.0109207571660564,0.00436455653957534
"113","d2_t2_100uL_r4.jpg","1",57.0882284171161,5.73050863593627,0.0103366480030547,0.00429835592546499
"114","d2_t2_100uL_r5.jpg","1",39.537038859759,6.70809174740853,0.00850314603804595,0.00401317211552431
"115","d2_t2_20uL_r1.jpg","1",23.7964160622868,7.95395627073156,0.00769039873092326,0.00465007057924061
"116","d2_t2_20uL_r2.jpg","1",66.0030719983595,8.95912482102038,0.00843748892770863,0.00447214036629363
"117","d2_t2_20uL_r3.jpg","1",31.9303013501758,7.42090272547785,0.00868621257668418,0.00421375193955574
"118","d2_t2_20uL_r4.jpg","1",64.8258766244122,12.0777164077881,0.00966589125868314,0.0056352485814947
"119","d2_t2_20uL_r5.jpg","1",44.5171555357669,9.78026509716677,0.00784095505683741,0.00492436324186055
"120","d2_t2_40uL_r1.jpg","1",22.8906220485101,4.54481131952225,0.00784701421911834,0.00371513873393623
"121","d2_t2_40uL_r2.jpg","1",24.92720105206,3.89730470960659,0.00890033081881865,0.00405322517320356
"122","d2_t2_40uL_r3.jpg","1",21.4206703201842,5.63334183891674,0.0086870738576927,0.00446319227377555
"123","d2_t2_40uL_r4.jpg","1",53.7420838982654,7.51455821958539,0.00885295186116735,0.00451929130102128
"124","d2_t2_40uL_r5.jpg","1",32.4162918392861,3.61076465635002,0.00865933213501372,0.00351925004981707
"125","d2_t2_60uL_r1.jpg","1",25.5389865904476,4.74881982269159,0.00857482960198964,0.00355425880234809
"126","d2_t2_60uL_r2.jpg","1",30.9702169835635,4.38822206606311,0.00911792303306183,0.00369662776648527
"127","d2_t2_60uL_r3.jpg","1",20.4940880277738,6.10292685902353,0.00836740952914969,0.00413979590195568
"128","d2_t2_60uL_r4.jpg","1",52.7389575012314,4.43673495885672,0.00919262805313855,0.00360158445971777
"129","d2_t2_60uL_r5.jpg","1",55.7452095099785,6.89296299491207,0.0107469345818754,0.00402782986624459
"130","d2_t2_80uL_r1.jpg","1",32.9221749636283,2.44380468304892,0.00925852299085195,0.003077967269341
"131","d2_t2_80uL_r2.jpg","1",43.4920691383813,2.82781192621627,0.00966037992923774,0.00326942173051678
"132","d2_t2_80uL_r3.jpg","1",34.5381404386813,2.73719751929652,0.00927825639445736,0.00320382065702264
"133","d2_t2_80uL_r4.jpg","1",41.5698371539076,2.79250474440482,0.0095053805407681,0.00323943996909836
"134","d2_t2_80uL_r5.jpg","1",20.4281018912311,8.91815201193678,0.00835057982572564,0.00446395261630628
"135","d2_t3_100uL_r1.jpg","1",35.2471868105439,8.0666880810707,0.0095362300909035,0.00447855664093471
"136","d2_t3_100uL_r2.jpg","1",33.6826162235182,7.39762402776475,0.00874669754023935,0.00431698548800434
"137","d2_t3_100uL_r3.jpg","1",32.1520997088691,8.76265072575872,0.00970717981110292,0.00420355304027208
"138","d2_t3_100uL_r4.jpg","1",63.3994533933644,6.05960861920376,0.00898871539839028,0.00420533537073201
"139","d2_t3_100uL_r5.jpg","1",43.95699041743,5.83403107040866,0.00839595744310307,0.00424925811449606
"140","d2_t3_20uL_r1.jpg","1",21.141546298796,4.24489842627857,0.00872905426881866,0.003747804010331
"141","d2_t3_20uL_r2.jpg","1",31.4225974202814,3.38579515236382,0.00922772063380539,0.00364868927604342
"142","d2_t3_20uL_r3.jpg","1",24.7321245008013,3.05748618268041,0.00953024393033838,0.00357696289377057
"143","d2_t3_20uL_r4.jpg","1",57.694529279261,3.29500865902236,0.0094280026445266,0.00379046221825161
"144","d2_t3_20uL_r5.jpg","1",36.8364302892466,3.60715198538421,0.0105236455077645,0.00391402732489074
"145","d2_t3_40uL_r1.jpg","1",19.7483334641905,4.25017415792823,0.00857767597089242,0.00367154001981459
"146","d2_t3_40uL_r2.jpg","1",33.5188620813043,5.06602835315806,0.00889276978067141,0.00407521624258254
"147","d2_t3_40uL_r3.jpg","1",24.6507743103488,5.83307013552836,0.00878907096420121,0.00413068624875617
"148","d2_t3_40uL_r4.jpg","1",25.845915508775,4.07770127364628,0.00876718604735398,0.00369214037766175
"149","d2_t3_40uL_r5.jpg","1",20.4119027461316,5.59805171164977,0.00872112342325648,0.00403118326011473
"150","d2_t3_60uL_r1.jpg","1",47.330517840761,6.06773837135714,0.00878234848699356,0.00417544497487999
"151","d2_t3_60uL_r2.jpg","1",25.9591885807294,6.04065068047972,0.0094693578851817,0.0043503474583409
"152","d2_t3_60uL_r3.jpg","1",42.9096923475259,5.26900475737519,0.0100968024602115,0.00412186237022213
"153","d2_t3_60uL_r4.jpg","1",26.0678659781012,6.53573910551466,0.00907229509797415,0.00418370630493314
"154","d2_t3_60uL_r5.jpg","1",41.8046346713101,4.76966240413907,0.00961932499586162,0.00399049497867277
"155","d2_t3_80uL_r1.jpg","1",36.1639416059738,6.11430554091404,0.00868900759966886,0.00418797915038104
"156","d2_t3_80uL_r3.jpg","1",42.2609069431229,7.26062332708905,0.00919124508263352,0.00412536447937844
"157","d2_t3_80uL_r4.jpg","1",34.2813465326234,4.9253472448852,0.00876514438698243,0.00418912361520853
"158","d2_t3_80uL_r5.jpg","1",25.779838112586,3.59555966696689,0.00904325718517744,0.00355244245680706
"159","d2_t4_100uL_r1.jpg","1",18.0120102237196,2.62627824306871,0.00899173879652847,0.00323800356715692
"160","d2_t4_100uL_r2.jpg","1",24.4361804298483,3.33864479960333,0.00914779713278293,0.00340405001381212
"161","d2_t4_100uL_r3.jpg","1",23.5615440928744,2.76565091982838,0.00912133136332794,0.00332069710590355
"162","d2_t4_100uL_r4.jpg","1",26.666307851593,2.99036742110197,0.00873540269909031,0.00357052119807942
"163","d2_t4_100uL_r5.jpg","1",26.8328365707181,3.15057845526863,0.00952420292093271,0.0034378180636326
"164","d2_t4_100uL_r6.jpg","1",28.5743401816169,3.13750779885799,0.00922089156823392,0.00338799916841241
"165","d2_t4_20uL_r1.jpg","1",30.1071357457758,3.27948877003129,0.00977642102404686,0.00367969420982926
"166","d2_t4_20uL_r2.jpg","1",34.5534847240984,3.3020735072401,0.0099144769620847,0.00378688436683317
"167","d2_t4_20uL_r3.jpg","1",43.4055007696791,3.79439860978599,0.00947213457830427,0.00342393076691385
"168","d2_t4_20uL_r4.jpg","1",22.7160911781695,4.9010823872338,0.00800099437855445,0.00363332385737724
"169","d2_t4_20uL_r5.jpg","1",35.4168540817286,4.14924567639004,0.00935683756187588,0.00352171331538216
"170","d2_t4_40uL_r1.jpg","1",29.678896324304,3.39397480932813,0.00981040428679129,0.00350334419346395
"171","d2_t4_40uL_r2.jpg","1",26.0805323678416,2.92759331148158,0.00933884360170375,0.00358717281719822
"172","d2_t4_40uL_r3.jpg","1",22.0263112142143,2.95141135510837,0.00899438726973978,0.00339351283369137
"173","d2_t4_40uL_r4.jpg","1",26.8493039635342,3.21600229790674,0.00970022982322841,0.00369755661799993
"174","d2_t4_40uL_r5.jpg","1",29.9053738573677,3.26289443776577,0.00864223450207603,0.00346914054785899
"175","d2_t4_60uL_r1.jpg","1",20.7701707243593,2.42855488720997,0.00912402303156442,0.0032557623566135
"176","d2_t4_60uL_r2.jpg","1",23.9876074542378,2.45878628918052,0.00947121574636723,0.00342493981249191
"177","d2_t4_60uL_r3.jpg","1",26.9049010149681,2.48404791851543,0.00937292055042873,0.00359291186583516
"178","d2_t4_60uL_r4.jpg","1",21.6783840804696,3.05944572094813,0.00933318242633513,0.00351209862423328
"179","d2_t4_60uL_r5.jpg","1",30.3913968801743,4.05043822694222,0.00880958905769923,0.00381276180396833
"180","d2_t4_80uL_r1.jpg","1",27.4713946376192,3.51758793740473,0.00954575045475497,0.00361055538046763
"181","d2_t4_80uL_r2.jpg","1",22.8824861627169,3.16143204858202,0.00925991767314517,0.00333807953695596
"182","d2_t4_80uL_r3.jpg","1",19.5834942671199,3.55706939591084,0.00843613546832326,0.00367314736582758
"183","d2_t4_80uL_r4.jpg","1",26.2706402660969,2.62846388515095,0.00921962022825619,0.00343309600508471
"184","d2_t4_80uL_r5.jpg","1",22.5577788401382,3.50718232437204,0.00882145514847616,0.00345904090813256
"185","d2_t5_100uL_r1.jpg","1",23.7698287179779,4.11505293052631,0.00917325420434723,0.0038319392444955
"186","d2_t5_100uL_r2.jpg","1",44.6548595674381,5.08624890282521,0.00926025185304708,0.00349495232113309
"187","d2_t5_100uL_r3.jpg","1",18.5402530315828,5.96356936438657,0.00792108797429384,0.00402725113143038
"188","d2_t5_100uL_r4.jpg","1",77.383720012959,6.63308534371411,0.0082071133956827,0.00451364030689253
"189","d2_t5_100uL_r5.jpg","1",27.3856153971275,3.82360754582813,0.00832017551574229,0.00349066520304007
"190","d2_t5_20uL_r1.jpg","1",21.8428969544704,2.91016466261221,0.00880276278218093,0.00378175822113088
"191","d2_t5_20uL_r2.jpg","1",51.4705276977719,3.39095096516671,0.00925023298289983,0.00316307935133189
"192","d2_t5_20uL_r3.jpg","1",23.4497425208887,3.59572330704331,0.00867114637869688,0.00333274498796419
"193","d2_t5_20uL_r4.jpg","1",28.2628520741148,3.6688652593939,0.00942369542254308,0.00342531060590569
"194","d2_t5_20uL_r5.jpg","1",45.0446181328561,2.43253872916049,0.00992388621981431,0.00351965698288727
"195","d2_t5_40uL_r1.jpg","1",56.497914695667,3.58432269492621,0.00853313764217769,0.00347319293308517
"196","d2_t5_40uL_r2.jpg","1",33.1377684561587,3.29969991946178,0.00974134254867019,0.00317579682154013
"197","d2_t5_40uL_r3.jpg","1",29.7218586551266,3.04470990725553,0.00858202559806783,0.00350504957325858
"198","d2_t5_40uL_r4.jpg","1",28.9866788952712,3.98365876113248,0.00890997353985243,0.0033854438388434
"199","d2_t5_40uL_r5.jpg","1",17.0980517992191,3.05895265056826,0.00925176322685112,0.0033365501077324
"200","d2_t5_60uL_r1.jpg","1",18.1934418520184,3.55785109965463,0.00936864602850771,0.00328414816639709
"201","d2_t5_60uL_r2.jpg","1",19.7306399660205,3.40275284828248,0.0088694373742655,0.00348795831470604
"202","d2_t5_60uL_r3.jpg","1",42.9610824629499,2.67238696245496,0.00881778924452884,0.00326504933969853
"203","d2_t5_60uL_r4.jpg","1",22.1633300777221,3.00784468924664,0.00888623678811818,0.00338095784259045
"204","d2_t5_60uL_r5.jpg","1",19.2536307444078,3.39616677045941,0.00846654843127268,0.00313196126517023
"205","d2_t5_80uL_r1.jpg","1",14.1492811872665,4.46348182262232,0.00814589216142248,0.00398674641359538
"206","d2_t5_80uL_r2.jpg","1",51.2418967407397,3.78707819023245,0.00888396946251939,0.00369445397827821
"207","d2_t5_80uL_r3.jpg","1",27.2091891708845,2.71070649867168,0.00914265725002632,0.00336511555623887
"208","d2_t5_80uL_r4.jpg","1",35.2174194818724,2.89492261911127,0.0107490941971511,0.00327735553124219
"209","d2_t5_80uL_r5.jpg","1",40.0732110293628,3.17757553141761,0.00967031729367986,0.00348993785821368
"210","d2_t6_0uL_r1.jpg","1",84.4044638633979,9.39331651306759,0.012728972469946,0.00530654461588468
"211","d2_t6_0uL_r2.jpg","1",123.529626485853,8.13667662848248,0.0132089151993869,0.005613681794597
"212","d2_t6_0uL_r3.jpg","1",86.3501964777664,10.1203309638599,0.0110515042813925,0.00536722488817398
"213","d2_t6_0uL_r4.jpg","1",141.870051616053,9.23965169711142,0.0158126743483684,0.00524700230025395
"214","d2_t6_0uL_r5.jpg","1",106.111745978015,10.4816435202429,0.013841356564714,0.00561320777862245
"215","d2_t6_0uL_r6.jpg","1",127.298815820728,11.912072392903,0.0151963657111035,0.00579106761327902
"216","d2_t6_0uL_r7.jpg","1",61.419534579356,6.19288473595961,0.010939172319616,0.00431538259871759
"217","d3_t2_100uL_r1.jpg","2",24.3889891941709,7.98943110321293,0.00837471601414368,0.00437163841622299
"218","d3_t2_100uL_r2.jpg","2",64.2511500474942,5.96200354157998,0.0106700156896953,0.00373531541790263
"219","d3_t2_100uL_r3.jpg","2",109.764751469028,6.27944077030755,0.0124521415269777,0.00372769481049777
"220","d3_t2_100uL_r4.jpg","2",12.4167316761668,6.36364347601642,0.00762217788239191,0.00384804046246475
"221","d3_t2_100uL_r5.jpg","2",49.6805760074467,6.85475190523153,0.00885823357570837,0.0039296068965791
"222","d3_t2_20uL_r1.jpg","2",38.117574792087,7.56197903435813,0.00835524597401376,0.00421535170958494
"223","d3_t2_20uL_r2.jpg","2",41.5862077867292,8.59775679374247,0.00882453856276033,0.00405000434233994
"224","d3_t2_20uL_r3.jpg","2",20.8968193970304,8.66426845592573,0.00763498392486675,0.00421697723888567
"225","d3_t2_20uL_r4.jpg","2",24.716609531788,5.99771196156595,0.00872605059578718,0.00359869333443721
"226","d3_t2_20uL_r5.jpg","2",31.7103574153571,7.27939876806954,0.00873224384086731,0.00383045248806683
"227","d3_t2_40uL_r1.jpg","2",18.974847214713,8.76626290591127,0.00829801487324497,0.00424311760218182
"228","d3_t2_40uL_r2.jpg","2",64.1387538759197,8.34562962906306,0.00880749456043572,0.00423013309035836
"229","d3_t2_40uL_r3.jpg","2",25.0597201030937,8.99141014044996,0.00738985358576378,0.00451353272184693
"230","d3_t2_40uL_r4.jpg","2",47.9452822236618,8.33942825046226,0.00989425969925642,0.00438108925715439
"231","d3_t2_40uL_r5.jpg","2",49.2569257958568,8.43374654431057,0.00949041431429321,0.00433714597215822
"232","d3_t2_60uL_r1.jpg","2",58.9138388946483,7.53828951954549,0.0085262854796106,0.00409432688178973
"233","d3_t2_60uL_r2.jpg","2",35.7626240002309,10.7808979759623,0.00879261315929434,0.00462138120090585
"234","d3_t2_60uL_r3.jpg","2",60.6150416975305,7.75185923169334,0.00848597225344771,0.00401961673304226
"235","d3_t2_60uL_r4.jpg","2",84.7186669311372,8.02018780651909,0.00860104759052636,0.00417454324976641
"236","d3_t2_60uL_r5.jpg","2",38.342725598661,7.42163653521515,0.00949694595819315,0.00406269040690206
"237","d3_t2_80uL_r1.jpg","2",34.067086030515,7.20069046828571,0.00845288677607795,0.00413108905917258
"238","d3_t2_80uL_r2.jpg","2",39.9457467991815,7.05113125925522,0.00841740181690084,0.00395025131213701
"239","d3_t2_80uL_r3.jpg","2",51.733875236117,9.81157508379603,0.00895456574739415,0.00436078223851384
"240","d3_t2_80uL_r4.jpg","2",34.6479595390075,5.99574693357335,0.00883026719786746,0.0038613938397027
"241","d3_t2_80uL_r5.jpg","2",25.164195757259,8.9197086834656,0.00832233738251997,0.00413584885717452
"242","d3_t3_100uL_r1.jpg","1",42.9627370411689,8.83240516086746,0.0101203230075716,0.00474435358760403
"243","d3_t3_100uL_r2.jpg","1",36.2089420258297,8.50613329767067,0.00842182484776773,0.00456442725881505
"244","d3_t3_100uL_r3.jpg","1",53.9882684867258,4.61384901842744,0.0109129286076246,0.00340976829048243
"245","d3_t3_100uL_r5.jpg","1",40.9047764273232,4.12847639794453,0.00961821997096493,0.00341711688571479
"246","d3_t3_20uL_r1.jpg","1",22.5412000058451,3.26587317944132,0.0103219907038588,0.00327494004120872
"247","d3_t3_20uL_r2.jpg","1",43.878115780796,3.66268120378795,0.00981852971022065,0.00336011206678556
"248","d3_t3_20uL_r3.jpg","1",27.767452684421,6.1093325644988,0.00882532857172052,0.00455461173038996
"249","d3_t3_20uL_r4.jpg","1",40.2955932891832,2.56673359459056,0.00889720513811085,0.00326708005849187
"250","d3_t3_20uL_r5.jpg","1",23.6236164382939,4.50675145776952,0.00885383816033034,0.00390494933788153
"251","d3_t3_40uL_r1.jpg","1",23.7295518374238,3.73013123230342,0.00948515991917858,0.00345281188479411
"252","d3_t3_40uL_r2.jpg","1",33.9276339934173,4.35886642960404,0.00894530258252721,0.00364651209784863
"253","d3_t3_40uL_r4.jpg","1",41.9101806062958,7.40831051630771,0.00868923169089113,0.00418091950013204
"254","d3_t3_40uL_r5.jpg","1",18.8511819185164,5.08463988934458,0.00850316078608409,0.00361610423762347
"255","d3_t3_60uL_r1.jpg","1",44.4252178349901,3.53269899982794,0.0106609642356945,0.00350122085146788
"256","d3_t3_60uL_r2.jpg","1",65.7064334051029,2.91924833987025,0.00943583685371678,0.00321342511187615
"257","d3_t3_60uL_r3.jpg","1",17.5349887858735,4.80987550317048,0.00833947461810303,0.00424551894351765
"258","d3_t3_60uL_r4.jpg","1",16.0119142119876,5.24314775137704,0.00848402443993904,0.00356987053793776
"259","d3_t3_60uL_r5.jpg","1",23.4803802586421,4.78167022707706,0.00993620878957262,0.00363344412558047
"260","d3_t3_80uL_r1.jpg","1",20.1473896331759,4.50823507455385,0.00858101129303564,0.00359298119979125
"261","d3_t3_80uL_r2.jpg","1",39.0931582199419,3.94247300695638,0.00952535523964348,0.00329713053243495
"262","d3_t3_80uL_r3.jpg","1",19.5995981300079,3.09126934302622,0.00942405381002036,0.00341951549812247
"263","d3_t3_80uL_r4.jpg","1",53.9076833407145,4.8085431474668,0.0102615682503653,0.00365153432359629
"264","d3_t3_80uL_r5.jpg","1",26.2602512188166,3.78636292751952,0.00922306829494705,0.00351017268439772
"265","d3_t4_100uL_r1.jpg","1",17.0859455746925,4.14543544441902,0.00889738631701773,0.00307018128464268
"266","d3_t4_100uL_r2.jpg","1",20.4892588225135,4.48624746162319,0.00906274977219769,0.00336272590847106
"267","d3_t4_100uL_r3.jpg","1",67.1019249858337,5.02880381655396,0.00888013326524906,0.00359856268243352
"268","d3_t4_100uL_r4.jpg","1",68.729397678593,4.22836818810225,0.00942963077530354,0.00358560565156152
"269","d3_t4_100uL_r5.jpg","1",46.4069963540005,6.76976006280579,0.00892111849262822,0.00425119103573577
"270","d3_t4_100uL_r6.jpg","1",35.7911789619906,4.24729525782061,0.00992842858007854,0.00359483017471345
"271","d3_t4_20uL_r1.jpg","1",72.795709892697,3.42243578572709,0.0110591034539463,0.00343171636641814
"272","d3_t4_20uL_r2.jpg","1",79.9992192109188,5.09915391268904,0.00853150858549374,0.00343961029130594
"273","d3_t4_20uL_r3.jpg","1",63.9489104983072,6.17921179617353,0.0103547022740988,0.00415410129766338
"274","d3_t4_20uL_r4.jpg","1",90.6786097166056,5.13973738547477,0.00906840134994988,0.00362289035069423
"275","d3_t4_20uL_r5.jpg","1",81.9749272318759,7.01144446989562,0.00941450559658622,0.00388615620553039
"276","d3_t4_40uL_r1.jpg","1",34.0470389120509,5.2641719860877,0.00928651444323491,0.00351555666493367
"277","d3_t4_40uL_r2.jpg","1",42.6788110102089,6.19956947864555,0.0097459504857095,0.00417075572557405
"278","d3_t4_40uL_r3.jpg","1",34.2612152799725,8.78175340974208,0.00797542933055374,0.00449580376175305
"279","d3_t4_40uL_r4.jpg","1",41.722925865956,2.40717195050033,0.00901083754463194,0.00283712126168075
"280","d3_t4_40uL_r5.jpg","1",36.4479925367593,5.53527236189454,0.00869705579124658,0.00404326107593518
"281","d3_t4_60uL_r1.jpg","1",55.4266630209617,5.75542235881517,0.0099460948242464,0.00369855917981182
"282","d3_t4_60uL_r2.jpg","1",35.0754267801531,5.39859276022556,0.00963336545221295,0.00406034618558024
"283","d3_t4_60uL_r3.jpg","1",33.9209248058591,4.20467204141707,0.0091538278065036,0.00331737617218314
"284","d3_t4_60uL_r4.jpg","1",30.5645131898693,6.76628650714149,0.00875975004630769,0.00408505371762135
"285","d3_t4_60uL_r5.jpg","1",25.2838896552208,4.20374710622063,0.00822004739832534,0.00377984286520062
"286","d3_t4_80uL_r1.jpg","1",29.3920607066196,4.13250267722654,0.00914860041653504,0.0037076148058748
"287","d3_t4_80uL_r2.jpg","1",30.1514440763164,7.12134713153393,0.0091681643227214,0.0041960148778645
"288","d3_t4_80uL_r3.jpg","1",33.6903286747188,5.01906609011067,0.00889003091379788,0.00380123772677084
"289","d3_t4_80uL_r4.jpg","1",53.9779151404025,5.86261942082344,0.00920376278595295,0.00375319055896173
"290","d3_t4_80uL_r5.jpg","1",34.4980695628035,6.01996497856991,0.00898378771772294,0.00413005790011381
"291","d3_t5_100uL_r1.jpg","2",51.2353848504692,3.38351658944029,0.00837380714637901,0.00257783383637342
"292","d3_t5_100uL_r2.jpg","2",15.5284199191007,10.2490297778869,0.00747427676708845,0.004348151950919
"293","d3_t5_100uL_r3.jpg","2",30.3612797224719,5.19358415362492,0.00828939396541728,0.00352867223390408
"294","d3_t5_100uL_r4.jpg","2",32.7692676965801,4.13508472073387,0.00806615499381566,0.00316046875811457
"295","d3_t5_100uL_r5.jpg","2",25.9473046728605,4.92807312844866,0.00853033889623107,0.00351600511679362
"296","d3_t5_20uL_r1.jpg","2",41.6004555711565,9.17107648775482,0.00778939513169191,0.00442730020208478
"297","d3_t5_20uL_r2.jpg","2",55.745479965548,7.04446469592997,0.00865531566709331,0.00370661801998079
"298","d3_t5_20uL_r3.jpg","2",35.7350651899395,9.06026068856563,0.00885838420728475,0.0039048345377561
"299","d3_t5_20uL_r4.jpg","2",32.5407038420957,9.97739042114721,0.00741439271132298,0.00427507622417654
"300","d3_t5_20uL_r5.jpg","2",27.0517239143777,10.0879554011041,0.00810659760103256,0.00435016339868753
"301","d3_t5_40uL_r1.jpg","2",32.6562668556174,6.49697212509667,0.0075131235697879,0.00337314302081255
"302","d3_t5_40uL_r2.jpg","2",35.4363967467679,7.87210912826952,0.00934515997812625,0.00391140613372991
"303","d3_t5_40uL_r3.jpg","2",27.1400017893909,7.72867036309405,0.00832076365950961,0.00383606897526021
"304","d3_t5_40uL_r4.jpg","2",75.6846633680175,7.57751979188194,0.00925475669702428,0.00364824150816133
"305","d3_t5_40uL_r5.jpg","2",52.7922056684582,5.46412795806491,0.00918381145620606,0.00336790371839483
"306","d3_t5_60uL_r1.jpg","2",47.9913095946077,5.36764024247071,0.00808056211236422,0.00350153879378391
"307","d3_t5_60uL_r2.jpg","2",29.1670630266238,7.51566579563492,0.00851447192533737,0.00390674196615011
"308","d3_t5_60uL_r3.jpg","2",32.557575515869,4.60839450554166,0.0088225634371715,0.00341741090376652
"309","d3_t5_60uL_r4.jpg","2",55.8945702039201,6.24094983591802,0.00807373783547445,0.00378999771633654
"310","d3_t5_60uL_r5.jpg","2",26.8350253241269,6.49934383685971,0.00756032212155134,0.0038288447845775
"311","d3_t5_80uL_r1.jpg","2",28.11058824295,5.27178778121093,0.00775645100801159,0.00368711571883439
"312","d3_t5_80uL_r2.jpg","1",23.3596261889054,4.23206515230318,0.00792043422171987,0.00321430360172048
"313","d3_t5_80uL_r3.jpg","2",43.2412863391848,4.69805950452382,0.00720309703311475,0.0034422098158573
"314","d3_t5_80uL_r4.jpg","1",23.4482726843611,4.23085330004475,0.00895262464132116,0.00326735656417526
"315","d3_t5_80uL_r5.jpg","2",78.5287918440568,6.75058968881134,0.00751443882418407,0.00379481885666214
"316","d3_t6_0uL_r1.jpg","2",109.534044500461,12.1622425516169,0.0105990302258987,0.00545899221173054
"317","d3_t6_0uL_r2.jpg","2",134.439607313118,15.1993267391029,0.0102784694609965,0.00595374158430893
"318","d3_t6_0uL_r3.jpg","2",137.831015656362,16.4503506462681,0.0110090182270863,0.00603379621392011
"319","d3_t6_0uL_r4.jpg","2",106.998524136192,12.8855976404159,0.01412565252151,0.00564233380390771
"320","d3_t6_0uL_r5.jpg","3",27.6226541887247,9.97979043450223,0.00773489897245182,0.00483513265367274
"321","d3_t6_0uL_r6.jpg","3",62.7270536281406,11.010016253948,0.0104234103269815,0.00556105657127854
"322","d3_t6_0uL_r7.jpg","3",111.371980022061,12.4302723489567,0.0103019035983066,0.00540328876472014
"323","d4_t2_100uL_r1.jpg","3",31.1107249972661,4.86559235197977,0.00789371286071384,0.00381595031000465
"324","d4_t2_100uL_r2.jpg","3",58.6225055038651,2.42093001508357,0.0101713767000312,0.00325525188081472
"325","d4_t2_100uL_r3.jpg","3",25.0527245316844,4.18193052687001,0.00803008979000423,0.0031705733532346
"326","d4_t2_100uL_r4.jpg","3",22.8456982511775,2.97786002440729,0.00679828495468457,0.00325134578525775
"327","d4_t2_100uL_r5.jpg","3",15.4331943117625,4.03008539485625,0.00673311055256563,0.00355977917682673
"328","d4_t2_20uL_r1.jpg","3",16.3892409359541,2.68750302438002,0.00789892200809257,0.00312074619207592
"329","d4_t2_20uL_r2.jpg","3",28.3239086127607,3.03943352043441,0.00778891989157533,0.00343872971942502
"330","d4_t2_20uL_r3.jpg","3",24.2915704140034,2.70243523730218,0.00758569715491942,0.00309761616522414
"331","d4_t2_20uL_r4.jpg","3",47.1429209812935,4.63297275411373,0.00685057674548234,0.00384815772935297
"332","d4_t2_20uL_r5.jpg","3",15.8497845998437,3.08073609754319,0.00718467847180658,0.00341435328531575
"333","d4_t2_40uL_r1.jpg","3",47.9765688714586,4.08335956248345,0.0071561371856719,0.00308237809947757
"334","d4_t2_40uL_r2.jpg","2",48.0790260743798,4.73877952935856,0.00741855595413193,0.00354041469692309
"335","d4_t2_40uL_r3.jpg","3",32.4728677663185,3.66291426556966,0.00723194395815006,0.00339337243366422
"336","d4_t2_40uL_r4.jpg","3",50.2443570167141,4.11142537799318,0.00702224895622722,0.00319753437838997
"337","d4_t2_40uL_r5.jpg","3",26.7041618217661,4.35226324962178,0.0069403291067425,0.00334255890524178
"338","d4_t2_60uL_r1.jpg","3",15.8239631909324,4.13338996201318,0.00782614085622035,0.00335123610148999
"339","d4_t2_60uL_r2.jpg","3",20.4224459260517,5.72990742745572,0.00710373607520847,0.00355757900015875
"340","d4_t2_60uL_r3.jpg","3",32.5899628771053,3.85245973955093,0.00727765169632538,0.00287270193043793
"341","d4_t2_60uL_r4.jpg","3",17.4432127188308,4.21325440610082,0.0071611807132841,0.00340663553804307
"342","d4_t2_60uL_r5.jpg","3",15.6743780610786,3.26368290680231,0.0079463102241609,0.00316332912419621
"343","d4_t2_80uL_r1.jpg","3",60.9021450633829,3.25647553388948,0.00802701438843622,0.0031547882963158
"344","d4_t2_80uL_r2.jpg","3",15.103346836497,4.66902935756287,0.00695101754188369,0.0036662646814975
"345","d4_t2_80uL_r3.jpg","3",21.1641860631161,3.67292075068178,0.00756917760662868,0.00315125271357577
"346","d4_t2_80uL_r4.jpg","3",24.4140052280182,2.75502769833924,0.00789115154113699,0.00316001612475453
"347","d4_t2_80uL_r5.jpg","3",32.1278686407004,4.94398483518809,0.00686004582855071,0.00369161398508899
"348","d4_t3_100uL_r1.jpg","1",24.9331361228135,15.1188349885502,0.00912618966877017,0.00368877093653546
"349","d4_t3_100uL_r2.jpg","1",33.6115854101383,2.99173800393341,0.00974072243918785,0.00310050318285786
"350","d4_t3_100uL_r3.jpg","1",43.1857526403775,2.72672805869257,0.00997135610475603,0.00345286457828687
"351","d4_t3_100uL_r4.jpg","1",15.3222950966853,3.03453018399558,0.00830081011388003,0.00307559014559089
"352","d4_t3_100uL_r5.jpg","1",38.4469841473805,2.74948733571293,0.00905963953504126,0.00316812016769417
"353","d4_t3_20uL_r1.jpg","1",21.2719059850224,3.10616219824011,0.00946370861122741,0.00327963913070316
"354","d4_t3_20uL_r2.jpg","1",17.1362887111147,4.84701810005574,0.0089198768430094,0.00347315416341954
"355","d4_t3_20uL_r4.jpg","1",46.2117026135631,3.70427982771868,0.00950684014672421,0.00351973703424862
"356","d4_t3_20uL_r5.jpg","2",61.3671031897241,4.71010864814197,0.00834556272180291,0.00328327866323892
"357","d4_t3_40uL_r1.jpg","1",21.5903462801327,3.53142561605971,0.00927360625703258,0.00344958541669437
"358","d4_t3_40uL_r2.jpg","1",41.9977096019115,2.38437225612603,0.00964339865604884,0.00305154407874978
"359","d4_t3_40uL_r3.jpg","1",19.86272560676,3.48888456861422,0.00887113537143064,0.00328801613749866
"360","d4_t3_40uL_r4.jpg","1",38.0829128001498,3.54870760708766,0.00933874006787333,0.00328027149395161
"361","d4_t3_40uL_r5.jpg","1",35.593500247242,2.72451037459167,0.00890946280302963,0.00319249648286659
"362","d4_t3_60uL_r1.jpg","1",55.5054840412776,2.97913671577916,0.00929915804909561,0.00346373039665357
"363","d4_t3_60uL_r2.jpg","1",49.7343532651159,4.41864304396565,0.00953480579231071,0.00330323656718272
"364","d4_t3_60uL_r3.jpg","1",43.2099778236902,3.64029111550471,0.00908316633944986,0.00335427207599233
"365","d4_t3_60uL_r4.jpg","1",39.0327582728656,4.2022407211593,0.00862470037977961,0.00339271351265615
"366","d4_t3_60uL_r5.jpg","1",23.7540173188593,3.16606886606747,0.00964309367404417,0.00296877270476393
"367","d4_t3_80uL_r1.jpg","1",54.6528625429753,3.26557626578654,0.00861259116520548,0.002995585241066
"368","d4_t3_80uL_r2.jpg","1",70.9797641230175,4.3649697415806,0.00899996878274841,0.00323299011464501
"369","d4_t3_80uL_r3.jpg","1",20.0630727718955,2.64467273419296,0.00958921984277928,0.00348682326239759
"370","d4_t3_80uL_r4.jpg","1",38.3859055160334,2.9473380043386,0.00936662937657855,0.00339924341630116
"371","d4_t3_80uL_r5.jpg","1",34.7081815784717,3.45736705400632,0.00909876676664441,0.00313323659747478
"372","d4_t4_100uL_r1.jpg","1",30.9395970148315,3.33377561568038,0.00848662268100083,0.00299757906957665
"373","d4_t4_100uL_r2.jpg","1",28.5531125784219,3.91715206948838,0.00883859685135303,0.00272696995056929
"374","d4_t4_100uL_r3.jpg","2",18.3210326973178,2.8654580438005,0.00846727469478604,0.00260665037176647
"375","d4_t4_100uL_r4.jpg","1",17.0663896862368,2.62828917458318,0.00787080017138192,0.00317288087822803
"376","d4_t4_100uL_r5.jpg","1",25.6950257837734,2.75698653397139,0.00864008084884945,0.00308256788161961
"377","d4_t4_100uL_r6.jpg","1",35.8913126389399,3.19837351426847,0.00908945511414172,0.00261139067846099
"378","d4_t4_20uL_r1.jpg","2",18.0081244203556,4.27426425818552,0.00738590581212182,0.00334822273904476
"379","d4_t4_20uL_r2.jpg","2",22.1868527533691,3.56044624066599,0.00802205709970262,0.00300791283121563
"380","d4_t4_20uL_r3.jpg","1",27.535971209433,5.28492981784368,0.00773250643288184,0.00349462379885807
"381","d4_t4_20uL_r4.jpg","2",58.383196557466,4.02615082606974,0.0104516521167552,0.00355514003695368
"382","d4_t4_20uL_r5.jpg","2",38.4298493846503,4.15552969540354,0.00844768834511651,0.00304520610880443
"383","d4_t4_40uL_r1.jpg","2",27.0701301253334,3.81537553794047,0.00799899876730019,0.00311029708905341
"384","d4_t4_40uL_r2.jpg","2",30.6255265324322,4.16115385039245,0.00827071820086797,0.00313436492898457
"385","d4_t4_40uL_r3.jpg","2",26.244531342146,3.61398497799389,0.00826631986756432,0.00318522852165266
"386","d4_t4_40uL_r4.jpg","1",25.1882510543655,3.8218091569342,0.00924014189942749,0.00295695763437616
"387","d4_t4_40uL_r5.jpg","2",45.8665094532948,3.31574214473968,0.00817995787939328,0.00284954418085153
"388","d4_t4_60uL_r1.jpg","2",25.089694628685,3.8262244995242,0.00850595872793963,0.00344154733552565
"389","d4_t4_60uL_r2.jpg","1",23.2888121798708,3.11309614156999,0.00850474670324832,0.00292786096155083
"390","d4_t4_60uL_r3.jpg","2",51.7510134334144,3.44242912385011,0.00974773976955267,0.0031948342996298
"391","d4_t4_60uL_r4.jpg","2",33.4871349355739,3.52860821799485,0.00912408311130092,0.00317247100281837
"392","d4_t4_60uL_r5.jpg","2",27.8235102836277,2.53030975741271,0.0086030451418117,0.00285407608541368
"393","d4_t4_80uL_r1.jpg","1",42.7871292879734,4.00582504215654,0.0100415326648008,0.0030540799542043
"394","d4_t4_80uL_r2.jpg","1",43.5741908501877,3.76225633565681,0.00945694974267749,0.00304950605491702
"395","d4_t4_80uL_r3.jpg","2",25.7375122342756,2.95082787651989,0.00834430332373485,0.00301238593644617
"396","d4_t4_80uL_r4.jpg","2",22.7786334771656,3.03584833720732,0.00863447032032173,0.00290631322624376
"397","d4_t4_80uL_r5.jpg","2",43.5132601880157,3.11045674307425,0.00846991741271503,0.00316829688048026
"398","d4_t5_100uL_r1.jpg","2",40.4857047927813,4.50278111149872,0.00884976884797162,0.00332714769675683
"399","d4_t5_100uL_r2.jpg","3",27.664758324541,4.15757472523665,0.00750468036627187,0.00323307497380751
"400","d4_t5_100uL_r3.jpg","3",28.1271359190086,4.22496180358409,0.00812172785539769,0.00324677882854487
"401","d4_t5_100uL_r4.jpg","3",40.3998823228643,4.80103146710829,0.0089077797819287,0.00359092311576731
"402","d4_t5_100uL_r5.jpg","3",19.2361161844919,3.10904383106095,0.00720841230421222,0.00325300406812742
"403","d4_t5_20uL_r1.jpg","3",20.7036535384362,2.49194335724402,0.00793394799293953,0.00296656970184172
"404","d4_t5_20uL_r2.jpg","3",23.1419184845653,4.3862690464489,0.0076539027716194,0.00308423920662651
"405","d4_t5_20uL_r3.jpg","3",25.4882952571411,3.66351967100095,0.00803492289883086,0.00313362779851241
"406","d4_t5_20uL_r4.jpg","2",26.8365730005286,5.13792351296318,0.0084894294444178,0.00309752751682462
"407","d4_t5_20uL_r5.jpg","3",22.3407513793526,3.26753539416885,0.00793168721301133,0.00285588254174667
"408","d4_t5_40uL_r1.jpg","3",64.049067273518,3.82249140121274,0.00750725768494787,0.00302985148837861
"409","d4_t5_40uL_r2.jpg","3",30.7339156765346,4.47080828435402,0.00927107300982002,0.00274663630030057
"410","d4_t5_40uL_r3.jpg","3",51.6887933410747,3.97159165355742,0.00810344663058792,0.00296446925098261
"411","d4_t5_40uL_r4.jpg","3",48.1084398032078,3.2743476567758,0.00843214757742404,0.00290542399389077
"412","d4_t5_40uL_r5.jpg","3",22.4531458921553,5.5451362139416,0.00787942989742114,0.00318290414257651
"413","d4_t5_60uL_r1.jpg","2",41.9405857005088,6.04729598836517,0.00725705720979532,0.00372826725130069
"414","d4_t5_60uL_r2.jpg","3",43.198403195143,3.34480149458044,0.00780315141001457,0.00297377722742436
"415","d4_t5_60uL_r3.jpg","2",21.5262984535216,4.23523292148619,0.00720597450586228,0.00302676928828616
"416","d4_t5_60uL_r4.jpg","2",34.0197295844253,4.54825723899796,0.00845361835324414,0.00308262290082037
"417","d4_t5_60uL_r5.jpg","2",27.0335550627619,3.92521054429876,0.00756896838843631,0.00331502074423321
"418","d4_t5_80uL_r1.jpg","2",22.7061648153598,5.47000874895793,0.00784782910664004,0.00345798001745339
"419","d4_t5_80uL_r2.jpg","2",21.8623434358194,5.38888295423997,0.00831365277956992,0.0032923958421188
"420","d4_t5_80uL_r3.jpg","2",29.8909849091629,4.36167589358114,0.00827929004717419,0.00330195068832989
"421","d4_t5_80uL_r4.jpg","2",66.7309480335711,4.18941733648258,0.00952865911598718,0.00329421008274972
"422","d4_t5_80uL_r5.jpg","2",32.3239693024974,8.21197602182978,0.00782022455578852,0.00355492731536017
"423","d4_t6_0uL_r1.jpg","3",21.8123889190395,2.62992922754803,0.00820321286748288,0.00333565156831003
"424","d4_t6_0uL_r2.jpg","3",24.8395440663523,2.23016346556287,0.00781607167369185,0.00335539050753531
"425","d4_t6_0uL_r3.jpg","3",15.7399249276987,2.54048910464278,0.00807405128936091,0.00310930558803806
"426","d4_t6_0uL_r4.jpg","3",26.6330048440492,3.03852473499022,0.00773229875237067,0.00348474699297322
"427","d4_t6_0uL_r5.jpg","3",30.1101542855895,3.46627840275851,0.00801695030323259,0.00410505787605606
"428","d4_t6_0uL_r6.jpg","3",38.2462723065313,3.50043473285201,0.00818533091658537,0.0034050660765022
"429","d4_t6_0uL_r7.jpg","3",26.7094644041122,4.71032798868695,0.00740803990546647,0.00417236281565554
"430","d5_t2_100uL_r1.jpg","3",13.3412244542845,2.9541003893326,0.00713285617039517,0.00374200103644685
"431","d5_t2_100uL_r2.jpg","3",37.5527929624134,2.55935881867152,0.00851029043481008,0.00387102470794156
"432","d5_t2_100uL_r3.jpg","3",23.8834498831976,2.39022042512678,0.00950044600875138,0.00282920444722696
"433","d5_t2_100uL_r3B.jpg","3",77.3178489517378,9.39108449608674,0.00880190420055986,0.00486218501407856
"434","d5_t2_100uL_r4.jpg","3",15.219081726824,3.19370270079647,0.00807546993887805,0.00349690678881729
"435","d5_t2_100uL_r5.jpg","3",12.5818289251275,3.05421017747276,0.00763053797614909,0.00404384933202907
"436","d5_t2_20uL_r1.jpg","3",13.5387640642218,3.04297694375607,0.00847864973571657,0.00368387437843398
"437","d5_t2_20uL_r2.jpg","3",15.0442488394892,3.20911406963233,0.00742190145540327,0.00427455128853433
"438","d5_t2_20uL_r3.jpg","3",37.14459098701,5.38804368849362,0.00758516514977674,0.00525516835822259
"439","d5_t2_20uL_r4.jpg","3",75.1628539980287,2.97523620703879,0.00998349034743177,0.00415469883217289
"440","d5_t2_20uL_r5.jpg","3",72.6514567403389,4.83669253747738,0.00782025106710199,0.00495787166667139
"441","d5_t2_40uL_r1.jpg","3",63.7485645160755,4.56832792756308,0.00897229479100246,0.00502913247277395
"442","d5_t2_40uL_r2.jpg","3",12.5096252293136,3.38337394337715,0.00728251620036684,0.00355269604842255
"443","d5_t2_40uL_r3.jpg","3",15.7546143156999,3.18154134293187,0.00756542086051753,0.00364211456147336
"444","d5_t2_40uL_r4.jpg","3",22.6593283537865,3.07385505455985,0.00692839611149036,0.00345935861806394
"445","d5_t2_40uL_r5.jpg","3",19.9245642791107,2.72779740630638,0.00777984824908704,0.00379772254214765
"446","d5_t2_60uL_r1.jpg","3",29.8475410862189,2.82371265652784,0.00752632998669874,0.00361474690841037
"447","d5_t2_60uL_r2.jpg","3",57.3676600491718,3.27050382726876,0.00832113135872183,0.00320165057087107
"448","d5_t2_60uL_r3.jpg","3",34.7006208863727,7.07265940317248,0.0065003003282285,0.00482278900501428
"449","d5_t2_60uL_r4.jpg","3",23.0887490519614,5.5886724928154,0.00731280804731773,0.00457663697661671
"450","d5_t2_60uL_r5.jpg","3",47.2593590629791,6.22108279603461,0.00971561136223717,0.00443271433641287
"451","d5_t2_80uL_r1.jpg","3",23.568811016291,2.90672663823303,0.00716496305915783,0.00396548700390921
"452","d5_t2_80uL_r2.jpg","3",13.7023982110199,2.77530090113581,0.00727144575636149,0.00385545485963901
"453","d5_t2_80uL_r3.jpg","3",11.4010477324294,4.13936165586915,0.00774666545366693,0.00325616188884886
"454","d5_t2_80uL_r4.jpg","3",15.0976880703149,2.49860553912078,0.00777843381456374,0.00373893463219301
"455","d5_t2_80uL_r5.jpg","3",9.66807444421144,2.58334634314554,0.00778394948439234,0.00367179813008807
"456","d5_t3_100uL_r1.jpg","1",22.0500419983177,2.58922471983057,0.00860914149569754,0.0033481663320758
"457","d5_t3_100uL_r2.jpg","1",25.8441267990963,3.23483383288485,0.00939395003173802,0.00324708863905457
"458","d5_t3_100uL_r3.jpg","1",15.6514033340861,3.63086055229287,0.00901796864357284,0.00364094108950745
"459","d5_t3_100uL_r4.jpg","1",28.1163345457436,3.32891750249239,0.00871226058647651,0.00349579545707281
"460","d5_t3_100uL_r5.jpg","1",31.1167480042788,2.63555655224694,0.00878873989979268,0.00343967629221706
"461","d5_t3_20uL_r1.jpg","2",64.7032865657793,2.51177192062039,0.00815502986686935,0.00300259442370442
"462","d5_t3_20uL_r2.jpg","2",19.3200468439909,5.23939771103238,0.00781853424207264,0.00349052862718753
"463","d5_t3_20uL_r4.jpg","1",13.8588308195877,4.2830171875235,0.00858510688440084,0.00368523816345106
"464","d5_t3_20uL_r5.jpg","3",20.9798135937238,5.83199131592473,0.00774176228292635,0.00390681347460492
"465","d5_t3_40uL_r1.jpg","1",22.7251805146736,6.79708775418571,0.00902551485606627,0.00423601241379345
"466","d5_t3_40uL_r2.jpg","1",53.9967073100714,3.71104927042164,0.0088750253629098,0.00337095075426344
"467","d5_t3_40uL_r3.jpg","1",22.5144555805514,2.97209349548666,0.00817863508697636,0.0033343249428128
"468","d5_t3_40uL_r4.jpg","1",43.7560919928594,3.20868076987373,0.00872054986710377,0.00315220434374806
"469","d5_t3_40uL_r5.jpg","1",16.68222397647,3.72317117276818,0.00875445745335733,0.00363458443041635
"470","d5_t3_60uL_r1.jpg","1",14.9714005569519,3.85691999492035,0.00855698406451187,0.00370664338339747
"471","d5_t3_60uL_r2.jpg","1",23.9379926446993,2.94161090316889,0.00916616356934042,0.00324376994834994
"472","d5_t3_60uL_r3.jpg","1",86.1912281013637,2.63782971768661,0.00875213102527023,0.00327198161729045
"473","d5_t3_60uL_r4.jpg","1",20.7814064729352,3.83714416130787,0.00824283242411515,0.00362375702453028
"474","d5_t3_60uL_r5.jpg","1",17.6864463973884,3.33290141325485,0.00890942160243044,0.00348469422378753
"475","d5_t3_80uL_r1.jpg","1",69.401528087729,2.77247303647348,0.00844066540859225,0.00333930975089115
"476","d5_t3_80uL_r2.jpg","1",14.329413379754,3.60381834109354,0.00896009939484968,0.00327814025360662
"477","d5_t3_80uL_r3.jpg","1",35.4544788273168,3.94448886471037,0.0087933958120191,0.00392745577276839
"478","d5_t3_80uL_r4.jpg","1",31.6243008096847,2.81707084567798,0.00869530962287657,0.003404619093519
"479","d5_t3_80uL_r5.jpg","1",48.0363877299579,3.72837979157102,0.00852930316078048,0.00349311340508405
"480","d5_t4_100uL_r1.jpg","2",60.4505984143756,6.90757634104334,0.00716305906886449,0.00438283171378976
"481","d5_t4_100uL_r2.jpg","2",105.476167434079,9.46365637273858,0.00757042499168443,0.00467673658745169
"482","d5_t4_100uL_r3.jpg","2",49.7266088014035,11.5109887305583,0.00885935458008975,0.00546127188661782
"483","d5_t4_100uL_r4.jpg","2",26.608027196734,7.95767404452211,0.00739251438409247,0.00457857390739043
"484","d5_t4_100uL_r5.jpg","1",66.0915325133747,7.52798874723024,0.00878381989869903,0.00499587985113299
"485","d5_t4_100uL_r6.jpg","1",53.7369840337082,8.26808530192942,0.0072739950138832,0.0053936658327263
"486","d5_t4_20uL_r1.jpg","2",16.4585005725602,6.50084851449576,0.00671473990168157,0.00399968268047939
"487","d5_t4_20uL_r2.jpg","3",73.3915119879082,4.60456675975614,0.00808356592612378,0.0036192972177285
"488","d5_t4_20uL_r3.jpg","2",48.8219951817959,4.3899071544966,0.00810913225895748,0.00344254632550456
"489","d5_t4_20uL_r4.jpg","3",22.4173937093044,4.49842264209179,0.00826810394953378,0.00375400723828043
"490","d5_t4_20uL_r5.jpg","2",14.4107280692565,2.96675823393017,0.00724167171536987,0.0034554896447206
"491","d5_t4_40uL_r1.jpg","2",23.5057256257753,4.8590874032441,0.006959320520597,0.00380229728995182
"492","d5_t4_40uL_r2.jpg","2",33.6441449833948,3.70889247010586,0.00740051231058002,0.00338113189245205
"493","d5_t4_40uL_r3.jpg","2",15.3752421303465,3.09492819297405,0.00714287566010385,0.00312837493474903
"494","d5_t4_40uL_r4.jpg","1",68.2781853428856,3.51804007407908,0.0083815399033469,0.00307795148640855
"495","d5_t4_40uL_r5.jpg","2",41.6147143717638,4.03869248292347,0.00876420287407777,0.00336775970562072
"496","d5_t4_60uL_r1.jpg","1",41.1694312916695,4.45816556268552,0.00942735055223272,0.00372305898655051
"497","d5_t4_60uL_r2.jpg","2",16.0857462521011,2.53774149110465,0.0072031654403468,0.003249629205467
"498","d5_t4_60uL_r3.jpg","2",21.1900810712505,4.66236890545999,0.00839423839100574,0.00328310606339517
"499","d5_t4_60uL_r4.jpg","2",11.3427191265984,3.10020635055771,0.00706296260878344,0.0029709272257434
"500","d5_t4_60uL_r5.jpg","2",82.8066691503504,9.94745708234826,0.00750854647692644,0.00455112497938026
"501","d5_t4_80uL_r1.jpg","2",52.9434045291037,6.93535677504025,0.00954819250768599,0.0042784763631075
"502","d5_t4_80uL_r2.jpg","2",130.16329830548,9.21017735391502,0.00722853636742996,0.00492080190452548
"503","d5_t4_80uL_r3.jpg","2",97.0469523352268,9.76516508698965,0.0115442686696445,0.005517742436712
"504","d5_t4_80uL_r4.jpg","2",69.5985614789976,8.58079178570964,0.00786446605990407,0.00503684780512424
"505","d5_t4_80uL_r5.jpg","2",96.8402772074844,9.72104197331341,0.00693397214251726,0.00507479063015908
"506","d5_t5_100uL_r1.jpg","3",49.7159936723967,5.36557226351307,0.00767462961614701,0.00410910685661363
"507","d5_t5_100uL_r2.jpg","3",15.7940372010013,2.12817369809018,0.00700919317236015,0.00312655936147792
"508","d5_t5_100uL_r3.jpg","3",40.8375795372,3.25910715888271,0.00872795861795261,0.00396158580304225
"509","d5_t5_100uL_r4.jpg","3",37.8907228021459,3.23949641389256,0.00910492995300378,0.00360737257577799
"510","d5_t5_100uL_r5.jpg","3",11.5629940136536,3.34551893065035,0.00728035760048753,0.00395066150274684
"511","d5_t5_20uL_r1.jpg","3",24.2007890689057,3.6627225043159,0.00769835191685661,0.00365766874265037
"512","d5_t5_20uL_r2.jpg","3",19.884826324711,3.96069365727315,0.00741101398729808,0.00404873530204151
"513","d5_t5_20uL_r3.jpg","3",70.8083351994076,2.49313379692541,0.00865012003157889,0.00332126811937333
"514","d5_t5_20uL_r4.jpg","2",17.8859000924896,3.68396443284519,0.007340183483476,0.00320301487937693
"515","d5_t5_20uL_r5.jpg","3",27.7761921858124,3.7604154127568,0.00785704817963945,0.00397064531423444
"516","d5_t5_40uL_r1.jpg","3",18.6204155870754,2.75189718407613,0.00756068561365233,0.00353694090758726
"517","d5_t5_40uL_r2.jpg","3",24.0677677219503,5.12696496170663,0.00896339305526109,0.00346825505252498
"518","d5_t5_40uL_r3.jpg","3",26.8581873474331,3.27660128524752,0.00774690920677078,0.0033006054644108
"519","d5_t5_40uL_r4.jpg","3",29.6565025242214,2.91021215778783,0.00853690442143098,0.00400682153286323
"520","d5_t5_40uL_r5.jpg","3",52.1180562835732,3.87034244058508,0.00831427140998217,0.00361752366048126
"521","d5_t5_60uL_r1.jpg","3",35.8687481796294,3.85557248365919,0.00834922256285264,0.00339506382453824
"522","d5_t5_60uL_r2.jpg","3",16.52906358202,4.16900532135096,0.00695254100516603,0.00390058508281449
"523","d5_t5_60uL_r3.jpg","3",16.6807592497735,4.30303740747283,0.00703522024629284,0.00380265315950055
"524","d5_t5_60uL_r4.jpg","3",24.2582154447321,4.51243853360847,0.00758725120430099,0.00346332747452334
"525","d5_t5_60uL_r5.jpg","3",24.0171433009283,3.77298737903024,0.00737335157720765,0.00372520325590674
"526","d5_t5_80uL_r1.jpg","3",21.6568564672258,5.8090968195258,0.00737776323108351,0.00396166911323581
"527","d5_t5_80uL_r2.jpg","2",14.343294337674,5.47385803350765,0.00748319501533715,0.00367200087018445
"528","d5_t5_80uL_r3.jpg","3",11.5955085461496,2.30017492395694,0.00771988195532674,0.00313040588256137
"529","d5_t5_80uL_r4.jpg","2",31.28414494711,4.577133676269,0.00716841109079903,0.00323956933185168
"530","d5_t6_0uL_r1.jpg","3",38.6347135998878,10.7192962394675,0.00838553551062786,0.0055559818472799
"531","d5_t6_0uL_r2.jpg","3",24.8426595540409,5.89640467995846,0.0074944767734572,0.00518453262467209
"532","d5_t6_0uL_r3.jpg","3",40.4520924439629,9.05806745802186,0.00664142575136003,0.0053268378613541
"533","d5_t6_0uL_r4.jpg","3",67.6670909496966,7.26465610355134,0.00687381808699618,0.00529883475894683
"534","d5_t6_0uL_r5.jpg","3",72.6128787611139,6.33908998441846,0.00759035470146898,0.00491913977445884
"535","d5_t6_0uL_r6.jpg","3",34.1041153975122,5.97343635118508,0.00753410343958992,0.00444436296893496
"536","d5_t6_0uL_r7.jpg","3",16.1971409792592,14.2147417603866,0.0073028185523178,0.00647377503948102
